Var1,Var2,Var3
04-Feb-2023 00:48:29.999,29.97747,31.28624
04-Feb-2023 00:48:30.999,29.97747,31.28624
04-Feb-2023 00:48:31.999,29.97747,31.28624
04-Feb-2023 00:48:32.999,29.97749,31.28624
04-Feb-2023 00:48:33.999,29.97749,31.28624
04-Feb-2023 00:48:34.999,29.97751,31.28623
04-Feb-2023 00:48:35.999,29.97752,31.28623
04-Feb-2023 00:48:36.999,29.97754,31.28622
04-Feb-2023 00:48:37.999,29.97757,31.28622
04-Feb-2023 00:48:38.999,29.97759,31.28622
04-Feb-2023 00:48:39.999,29.97763,31.28621
04-Feb-2023 00:48:40.999,29.97767,31.2862
04-Feb-2023 00:48:41.999,29.97771,31.2862
04-Feb-2023 00:48:42.999,29.97775,31.2862
04-Feb-2023 00:48:43.999,29.97779,31.2862
04-Feb-2023 00:48:44.999,29.97783,31.2862
04-Feb-2023 00:48:45.999,29.97788,31.2862
04-Feb-2023 00:48:46.999,29.97791,31.2862
04-Feb-2023 00:48:47.999,29.97795,31.2862
04-Feb-2023 00:48:48.999,29.97798,31.28619
04-Feb-2023 00:48:49.999,29.97803,31.28618
04-Feb-2023 00:48:50.999,29.97808,31.28617
04-Feb-2023 00:48:51.999,29.97813,31.28614
04-Feb-2023 00:48:52.999,29.97819,31.28612
04-Feb-2023 00:48:53.999,29.97827,31.28611
04-Feb-2023 00:48:54.999,29.97834,31.2861
04-Feb-2023 00:48:55.999,29.97842,31.28607
04-Feb-2023 00:48:56.999,29.97852,31.28603
04-Feb-2023 00:48:57.999,29.97859,31.286
04-Feb-2023 00:48:58.999,29.97866,31.28596
04-Feb-2023 00:48:59.999,29.97876,31.28594
04-Feb-2023 00:49:00.999,29.97883,31.28591
04-Feb-2023 00:49:01.999,29.9789,31.28589
04-Feb-2023 00:49:02.999,29.97898,31.28586
04-Feb-2023 00:49:03.999,29.97907,31.28582
04-Feb-2023 00:49:04.999,29.97915,31.28581
04-Feb-2023 00:49:05.999,29.97922,31.28577
04-Feb-2023 00:49:06.999,29.9793,31.28575
04-Feb-2023 00:49:07.999,29.97937,31.28573
04-Feb-2023 00:49:08.999,29.97944,31.28571
04-Feb-2023 00:49:09.999,29.9795,31.28569
04-Feb-2023 00:49:10.999,29.97958,31.28566
04-Feb-2023 00:49:11.999,29.97964,31.28566
04-Feb-2023 00:49:12.999,29.97967,31.28565
04-Feb-2023 00:49:13.999,29.97971,31.28564
04-Feb-2023 00:49:14.999,29.97973,31.28563
04-Feb-2023 00:49:15.999,29.97979,31.28561
04-Feb-2023 00:49:16.999,29.97979,31.28561
04-Feb-2023 00:49:17.999,29.97982,31.28558
04-Feb-2023 00:49:18.999,29.97984,31.28557
04-Feb-2023 00:49:19.999,29.97986,31.28555
04-Feb-2023 00:49:20.999,29.9799,31.28553
04-Feb-2023 00:49:21.999,29.97994,31.28551
04-Feb-2023 00:49:22.999,29.97998,31.28549
04-Feb-2023 00:49:23.999,29.98004,31.28548
04-Feb-2023 00:49:24.999,29.98009,31.28546
04-Feb-2023 00:49:25.999,29.98015,31.28544
04-Feb-2023 00:49:26.998,29.98021,31.28541
04-Feb-2023 00:49:27.998,29.98026,31.2854
04-Feb-2023 00:49:28.998,29.9803,31.28538
04-Feb-2023 00:49:29.998,29.98034,31.28537
04-Feb-2023 00:49:30.998,29.98038,31.28534
04-Feb-2023 00:49:31.998,29.98039,31.28533
04-Feb-2023 00:49:32.998,29.98042,31.28532
04-Feb-2023 00:49:33.998,29.98044,31.28531
04-Feb-2023 00:49:34.998,29.98044,31.28532
04-Feb-2023 00:49:35.998,29.98043,31.28532
04-Feb-2023 00:49:36.998,29.98041,31.28531
04-Feb-2023 00:49:37.998,29.98035,31.28515
04-Feb-2023 00:49:38.998,29.98032,31.28516
04-Feb-2023 00:49:39.998,29.98028,31.28517
04-Feb-2023 00:49:40.998,29.98024,31.28519
04-Feb-2023 00:49:41.998,29.9802,31.2852
04-Feb-2023 00:49:42.998,29.98016,31.28522
04-Feb-2023 00:49:43.998,29.98011,31.28524
04-Feb-2023 00:49:44.998,29.98005,31.28526
04-Feb-2023 00:49:45.998,29.98,31.28528
04-Feb-2023 00:49:46.998,29.97995,31.28531
04-Feb-2023 00:49:47.998,29.97986,31.28535
04-Feb-2023 00:49:48.998,29.9798,31.28537
04-Feb-2023 00:49:49.998,29.97974,31.28539
04-Feb-2023 00:49:50.998,29.97967,31.28541
04-Feb-2023 00:49:51.998,29.9796,31.28544
04-Feb-2023 00:49:52.998,29.97953,31.28547
04-Feb-2023 00:49:53.998,29.97946,31.28548
04-Feb-2023 00:49:54.998,29.97938,31.28551
04-Feb-2023 00:49:55.998,29.97931,31.28553
04-Feb-2023 00:49:56.998,29.97924,31.28557
04-Feb-2023 00:49:57.998,29.97917,31.28559
04-Feb-2023 00:49:58.998,29.9791,31.28561
04-Feb-2023 00:49:59.998,29.97904,31.28563
04-Feb-2023 00:50:00.998,29.97897,31.28566
04-Feb-2023 00:50:01.998,29.9789,31.28568
04-Feb-2023 00:50:02.998,29.97884,31.28571
04-Feb-2023 00:50:03.998,29.9788,31.28573
04-Feb-2023 00:50:04.998,29.97876,31.28574
04-Feb-2023 00:50:05.998,29.97871,31.28576
04-Feb-2023 00:50:06.998,29.97867,31.28578
04-Feb-2023 00:50:07.998,29.97864,31.28579
04-Feb-2023 00:50:08.998,29.97859,31.28581
04-Feb-2023 00:50:09.998,29.97856,31.28582
04-Feb-2023 00:50:10.998,29.97853,31.28585
04-Feb-2023 00:50:11.998,29.97847,31.28581
04-Feb-2023 00:50:12.998,29.97844,31.28582
04-Feb-2023 00:50:13.998,29.97839,31.28584
04-Feb-2023 00:50:14.998,29.97833,31.28587
04-Feb-2023 00:50:15.997,29.97828,31.28588
04-Feb-2023 00:50:16.997,29.97825,31.2859
04-Feb-2023 00:50:17.997,29.97822,31.28592
04-Feb-2023 00:50:18.997,29.97818,31.28593
04-Feb-2023 00:50:19.997,29.97814,31.28595
04-Feb-2023 00:50:20.997,29.97811,31.28596
04-Feb-2023 00:50:21.997,29.97807,31.28597
04-Feb-2023 00:50:22.997,29.97805,31.28597
04-Feb-2023 00:50:23.997,29.97802,31.28599
04-Feb-2023 00:50:24.997,29.97799,31.28599
04-Feb-2023 00:50:25.997,29.97798,31.28598
04-Feb-2023 00:50:26.997,29.97796,31.28598
04-Feb-2023 00:50:27.997,29.97794,31.28599
04-Feb-2023 00:50:28.997,29.9779,31.28599
04-Feb-2023 00:50:29.997,29.97787,31.28599
04-Feb-2023 00:50:30.997,29.97783,31.286
04-Feb-2023 00:50:31.997,29.97778,31.286
04-Feb-2023 00:50:32.997,29.9777,31.286
04-Feb-2023 00:50:33.997,29.97766,31.28602
04-Feb-2023 00:50:34.997,29.9776,31.28603
04-Feb-2023 00:50:35.997,29.97754,31.28605
04-Feb-2023 00:50:36.997,29.97749,31.28605
04-Feb-2023 00:50:37.997,29.97742,31.28606
04-Feb-2023 00:50:38.997,29.97735,31.28607
04-Feb-2023 00:50:39.997,29.97729,31.28608
04-Feb-2023 00:50:40.997,29.97724,31.28609
04-Feb-2023 00:50:41.997,29.97717,31.28609
04-Feb-2023 00:50:42.997,29.9771,31.28609
04-Feb-2023 00:50:43.997,29.97704,31.28611
04-Feb-2023 00:50:44.997,29.97698,31.28611
04-Feb-2023 00:50:45.997,29.97693,31.28613
04-Feb-2023 00:50:46.997,29.97687,31.28613
04-Feb-2023 00:50:47.997,29.97682,31.28613
04-Feb-2023 00:50:48.997,29.97677,31.28614
04-Feb-2023 00:50:49.997,29.97673,31.28614
04-Feb-2023 00:50:50.997,29.97668,31.28615
04-Feb-2023 00:50:51.997,29.97663,31.28615
04-Feb-2023 00:50:52.997,29.97661,31.28616
04-Feb-2023 00:50:53.997,29.97658,31.28616
04-Feb-2023 00:50:54.997,29.97654,31.28618
04-Feb-2023 00:50:55.997,29.97652,31.28619
04-Feb-2023 00:50:56.997,29.97649,31.2862
04-Feb-2023 00:50:57.997,29.97647,31.28621
04-Feb-2023 00:50:58.997,29.97644,31.28623
04-Feb-2023 00:50:59.997,29.97637,31.28616
04-Feb-2023 00:51:00.997,29.97636,31.28611
04-Feb-2023 00:51:01.997,29.97631,31.28603
04-Feb-2023 00:51:02.997,29.97629,31.28595
04-Feb-2023 00:51:03.997,29.97627,31.28588
04-Feb-2023 00:51:04.996,29.97624,31.2858
04-Feb-2023 00:51:05.996,29.97621,31.28573
04-Feb-2023 00:51:06.996,29.97618,31.28564
04-Feb-2023 00:51:07.996,29.97615,31.28556
04-Feb-2023 00:51:08.996,29.97615,31.28542
04-Feb-2023 00:51:09.996,29.97612,31.28531
04-Feb-2023 00:51:10.996,29.97611,31.28521
04-Feb-2023 00:51:11.996,29.9761,31.2851
04-Feb-2023 00:51:12.996,29.97608,31.28499
04-Feb-2023 00:51:13.996,29.97607,31.28487
04-Feb-2023 00:51:14.996,29.97606,31.28477
04-Feb-2023 00:51:15.996,29.97605,31.28468
04-Feb-2023 00:51:16.996,29.97605,31.28457
04-Feb-2023 00:51:17.996,29.97603,31.28447
04-Feb-2023 00:51:18.996,29.97603,31.28439
04-Feb-2023 00:51:19.996,29.97601,31.2843
04-Feb-2023 00:51:20.996,29.97599,31.2842
04-Feb-2023 00:51:21.996,29.97598,31.2841
04-Feb-2023 00:51:22.996,29.97596,31.28402
04-Feb-2023 00:51:23.996,29.97595,31.28391
04-Feb-2023 00:51:24.996,29.97593,31.28382
04-Feb-2023 00:51:25.996,29.97592,31.28371
04-Feb-2023 00:51:26.996,29.97591,31.28361
04-Feb-2023 00:51:27.996,29.97589,31.28349
04-Feb-2023 00:51:28.996,29.97588,31.28339
04-Feb-2023 00:51:29.996,29.97587,31.28328
04-Feb-2023 00:51:30.996,29.97586,31.2832
04-Feb-2023 00:51:31.996,29.97586,31.28313
04-Feb-2023 00:51:32.996,29.97585,31.28305
04-Feb-2023 00:51:33.996,29.97584,31.28298
04-Feb-2023 00:51:34.996,29.97584,31.28288
04-Feb-2023 00:51:35.996,29.97581,31.28282
04-Feb-2023 00:51:36.996,29.97581,31.28275
04-Feb-2023 00:51:37.996,29.9758,31.28265
04-Feb-2023 00:51:38.996,29.97579,31.28256
04-Feb-2023 00:51:39.996,29.97578,31.28249
04-Feb-2023 00:51:40.996,29.97577,31.28241
04-Feb-2023 00:51:41.996,29.97576,31.28233
04-Feb-2023 00:51:42.996,29.97575,31.28225
04-Feb-2023 00:51:43.996,29.97575,31.28216
04-Feb-2023 00:51:44.996,29.97574,31.2821
04-Feb-2023 00:51:45.996,29.97573,31.28203
04-Feb-2023 00:51:46.996,29.97573,31.282
04-Feb-2023 00:51:47.996,29.97573,31.28197
04-Feb-2023 00:51:48.996,29.97572,31.2819
04-Feb-2023 00:51:49.996,29.97572,31.28188
04-Feb-2023 00:51:50.996,29.97572,31.28185
04-Feb-2023 00:51:51.996,29.97572,31.28183
04-Feb-2023 00:51:52.995,29.97572,31.28182
04-Feb-2023 00:51:53.995,29.97572,31.28182
04-Feb-2023 00:51:54.995,29.97573,31.28181
04-Feb-2023 00:51:55.995,29.97573,31.28178
04-Feb-2023 00:51:56.995,29.97572,31.28176
04-Feb-2023 00:51:57.995,29.97573,31.28174
04-Feb-2023 00:51:58.995,29.97572,31.2817
04-Feb-2023 00:51:59.995,29.97572,31.28166
04-Feb-2023 00:52:00.995,29.97572,31.28161
04-Feb-2023 00:52:01.995,29.97571,31.28157
04-Feb-2023 00:52:02.995,29.9757,31.2815
04-Feb-2023 00:52:03.995,29.97568,31.28144
04-Feb-2023 00:52:04.995,29.97568,31.28137
04-Feb-2023 00:52:05.995,29.97566,31.28131
04-Feb-2023 00:52:06.995,29.97564,31.28124
04-Feb-2023 00:52:07.995,29.97562,31.28119
04-Feb-2023 00:52:08.995,29.9756,31.28113
04-Feb-2023 00:52:09.995,29.97558,31.28103
04-Feb-2023 00:52:10.995,29.97556,31.28094
04-Feb-2023 00:52:11.995,29.97553,31.28086
04-Feb-2023 00:52:12.995,29.97549,31.28078
04-Feb-2023 00:52:13.995,29.97547,31.28069
04-Feb-2023 00:52:14.995,29.97544,31.2806
04-Feb-2023 00:52:15.995,29.97541,31.28051
04-Feb-2023 00:52:16.995,29.97539,31.28041
04-Feb-2023 00:52:17.995,29.97538,31.28031
04-Feb-2023 00:52:18.995,29.97534,31.2802
04-Feb-2023 00:52:19.995,29.97531,31.28011
04-Feb-2023 00:52:20.995,29.97528,31.28002
04-Feb-2023 00:52:21.995,29.97525,31.27992
04-Feb-2023 00:52:22.995,29.97523,31.27983
04-Feb-2023 00:52:23.995,29.97521,31.27976
04-Feb-2023 00:52:24.995,29.97519,31.27969
04-Feb-2023 00:52:25.995,29.97517,31.27964
04-Feb-2023 00:52:26.995,29.97515,31.27958
04-Feb-2023 00:52:27.995,29.97513,31.27951
04-Feb-2023 00:52:28.995,29.9751,31.27941
04-Feb-2023 00:52:29.995,29.97508,31.27935
04-Feb-2023 00:52:30.995,29.97507,31.2793
04-Feb-2023 00:52:31.995,29.97506,31.2792
04-Feb-2023 00:52:32.995,29.97502,31.27913
04-Feb-2023 00:52:33.995,29.975,31.27907
04-Feb-2023 00:52:34.995,29.97498,31.279
04-Feb-2023 00:52:35.995,29.97496,31.27895
04-Feb-2023 00:52:36.995,29.97494,31.27889
04-Feb-2023 00:52:37.995,29.97491,31.27884
04-Feb-2023 00:52:38.995,29.97489,31.27877
04-Feb-2023 00:52:39.995,29.97488,31.27873
04-Feb-2023 00:52:40.994,29.97487,31.27868
04-Feb-2023 00:52:41.994,29.97486,31.27866
04-Feb-2023 00:52:42.994,29.97485,31.27861
04-Feb-2023 00:52:43.994,29.97485,31.27859
04-Feb-2023 00:52:44.994,29.97484,31.27858
04-Feb-2023 00:52:45.994,29.97485,31.27857
04-Feb-2023 00:52:46.994,29.97485,31.27856
04-Feb-2023 00:52:47.994,29.97485,31.27855
04-Feb-2023 00:52:48.994,29.97485,31.27855
04-Feb-2023 00:52:49.994,29.97485,31.27855
04-Feb-2023 00:52:50.994,29.97485,31.27855
04-Feb-2023 00:52:51.994,29.97485,31.27855
04-Feb-2023 00:52:52.994,29.97484,31.27854
04-Feb-2023 00:52:53.994,29.97484,31.27854
04-Feb-2023 00:52:54.994,29.97484,31.27854
04-Feb-2023 00:52:55.994,29.97484,31.27853
04-Feb-2023 00:52:56.994,29.97483,31.27851
04-Feb-2023 00:52:57.994,29.97482,31.27848
04-Feb-2023 00:52:58.994,29.97481,31.27845
04-Feb-2023 00:52:59.994,29.9748,31.27841
04-Feb-2023 00:53:00.994,29.97479,31.27838
04-Feb-2023 00:53:01.994,29.97478,31.27833
04-Feb-2023 00:53:02.994,29.97475,31.27824
04-Feb-2023 00:53:03.994,29.97473,31.27817
04-Feb-2023 00:53:04.994,29.97471,31.27811
04-Feb-2023 00:53:05.994,29.97471,31.27805
04-Feb-2023 00:53:06.994,29.97468,31.27799
04-Feb-2023 00:53:07.994,29.97466,31.27792
04-Feb-2023 00:53:08.994,29.97464,31.27788
04-Feb-2023 00:53:09.994,29.97464,31.2778
04-Feb-2023 00:53:10.994,29.97461,31.27773
04-Feb-2023 00:53:11.994,29.9746,31.27763
04-Feb-2023 00:53:12.994,29.97458,31.27754
04-Feb-2023 00:53:13.994,29.97454,31.27746
04-Feb-2023 00:53:14.994,29.97452,31.27739
04-Feb-2023 00:53:15.994,29.9745,31.27731
04-Feb-2023 00:53:16.994,29.97448,31.27725
04-Feb-2023 00:53:17.994,29.97446,31.27719
04-Feb-2023 00:53:18.994,29.97444,31.27713
04-Feb-2023 00:53:19.994,29.97444,31.27705
04-Feb-2023 00:53:20.994,29.97443,31.27697
04-Feb-2023 00:53:21.994,29.97444,31.27691
04-Feb-2023 00:53:22.994,29.97441,31.27686
04-Feb-2023 00:53:23.994,29.97441,31.27682
04-Feb-2023 00:53:24.994,29.9744,31.27676
04-Feb-2023 00:53:25.994,29.9744,31.27671
04-Feb-2023 00:53:26.994,29.97439,31.27661
04-Feb-2023 00:53:27.994,29.97441,31.27653
04-Feb-2023 00:53:28.994,29.97442,31.2765
04-Feb-2023 00:53:29.993,29.97443,31.27647
04-Feb-2023 00:53:30.993,29.97456,31.27643
04-Feb-2023 00:53:31.993,29.97467,31.27638
04-Feb-2023 00:53:32.993,29.97475,31.27634
04-Feb-2023 00:53:33.993,29.97482,31.2763
04-Feb-2023 00:53:34.993,29.97489,31.27627
04-Feb-2023 00:53:35.993,29.97497,31.27624
04-Feb-2023 00:53:36.993,29.97506,31.2762
04-Feb-2023 00:53:37.993,29.97514,31.27617
04-Feb-2023 00:53:38.993,29.97522,31.27614
04-Feb-2023 00:53:39.993,29.9753,31.27611
04-Feb-2023 00:53:40.993,29.97538,31.27608
04-Feb-2023 00:53:41.993,29.97546,31.27605
04-Feb-2023 00:53:42.993,29.97554,31.27602
04-Feb-2023 00:53:43.993,29.97563,31.27599
04-Feb-2023 00:53:44.993,29.9757,31.27596
04-Feb-2023 00:53:45.993,29.97578,31.27593
04-Feb-2023 00:53:46.993,29.97586,31.2759
04-Feb-2023 00:53:47.993,29.97595,31.27586
04-Feb-2023 00:53:48.993,29.97604,31.27583
04-Feb-2023 00:53:49.993,29.97613,31.2758
04-Feb-2023 00:53:50.993,29.97622,31.27576
04-Feb-2023 00:53:51.993,29.9763,31.27573
04-Feb-2023 00:53:52.993,29.97639,31.2757
04-Feb-2023 00:53:53.993,29.97648,31.27567
04-Feb-2023 00:53:54.993,29.97655,31.27566
04-Feb-2023 00:53:55.993,29.97663,31.27561
04-Feb-2023 00:53:56.993,29.97672,31.27558
04-Feb-2023 00:53:57.993,29.9768,31.27554
04-Feb-2023 00:53:58.993,29.97689,31.2755
04-Feb-2023 00:53:59.993,29.97698,31.27547
04-Feb-2023 00:54:00.993,29.97707,31.27543
04-Feb-2023 00:54:01.993,29.97715,31.2754
04-Feb-2023 00:54:02.993,29.97723,31.27537
04-Feb-2023 00:54:03.993,29.97732,31.27533
04-Feb-2023 00:54:04.993,29.9774,31.2753
04-Feb-2023 00:54:05.993,29.9775,31.27526
04-Feb-2023 00:54:06.993,29.97759,31.27523
04-Feb-2023 00:54:07.993,29.97767,31.2752
04-Feb-2023 00:54:08.993,29.97775,31.27517
04-Feb-2023 00:54:09.993,29.97783,31.27514
04-Feb-2023 00:54:10.993,29.97792,31.27512
04-Feb-2023 00:54:11.993,29.978,31.27509
04-Feb-2023 00:54:12.993,29.97809,31.27505
04-Feb-2023 00:54:13.993,29.97817,31.27502
04-Feb-2023 00:54:14.993,29.97825,31.27499
04-Feb-2023 00:54:15.993,29.97833,31.27496
04-Feb-2023 00:54:16.993,29.97841,31.27492
04-Feb-2023 00:54:17.992,29.97849,31.27489
04-Feb-2023 00:54:18.992,29.97857,31.27486
04-Feb-2023 00:54:19.992,29.97865,31.27483
04-Feb-2023 00:54:20.992,29.97874,31.27479
04-Feb-2023 00:54:21.992,29.97882,31.27476
04-Feb-2023 00:54:22.992,29.97891,31.27473
04-Feb-2023 00:54:23.992,29.97899,31.27469
04-Feb-2023 00:54:24.992,29.97906,31.27466
04-Feb-2023 00:54:25.992,29.97914,31.27464
04-Feb-2023 00:54:26.992,29.97922,31.27461
04-Feb-2023 00:54:27.992,29.97929,31.27457
04-Feb-2023 00:54:28.992,29.97937,31.27455
04-Feb-2023 00:54:29.992,29.97944,31.27451
04-Feb-2023 00:54:30.992,29.97952,31.27449
04-Feb-2023 00:54:31.992,29.9796,31.27447
04-Feb-2023 00:54:32.992,29.97966,31.27444
04-Feb-2023 00:54:33.992,29.97973,31.27442
04-Feb-2023 00:54:34.992,29.97979,31.2744
04-Feb-2023 00:54:35.992,29.97984,31.27438
04-Feb-2023 00:54:36.992,29.97987,31.27436
04-Feb-2023 00:54:37.992,29.9799,31.27436
04-Feb-2023 00:54:38.992,29.97993,31.27434
04-Feb-2023 00:54:39.992,29.97997,31.27433
04-Feb-2023 00:54:40.992,29.98001,31.27432
04-Feb-2023 00:54:41.992,29.98005,31.27431
04-Feb-2023 00:54:42.992,29.9801,31.27429
04-Feb-2023 00:54:43.992,29.98015,31.27427
04-Feb-2023 00:54:44.992,29.98022,31.27425
04-Feb-2023 00:54:45.992,29.98028,31.27423
04-Feb-2023 00:54:46.992,29.98035,31.27422
04-Feb-2023 00:54:47.992,29.98042,31.2742
04-Feb-2023 00:54:48.992,29.98051,31.27417
04-Feb-2023 00:54:49.992,29.98059,31.27415
04-Feb-2023 00:54:50.992,29.98067,31.27413
04-Feb-2023 00:54:51.992,29.98074,31.27411
04-Feb-2023 00:54:52.992,29.98081,31.27407
04-Feb-2023 00:54:53.992,29.98089,31.27405
04-Feb-2023 00:54:54.992,29.98097,31.27403
04-Feb-2023 00:54:55.992,29.98105,31.27401
04-Feb-2023 00:54:56.992,29.98112,31.27399
04-Feb-2023 00:54:57.992,29.9812,31.27399
04-Feb-2023 00:54:58.992,29.98127,31.27398
04-Feb-2023 00:54:59.992,29.98135,31.27398
04-Feb-2023 00:55:00.992,29.98143,31.27398
04-Feb-2023 00:55:01.992,29.98151,31.27399
04-Feb-2023 00:55:02.992,29.98159,31.27399
04-Feb-2023 00:55:03.992,29.98167,31.274
04-Feb-2023 00:55:04.992,29.98175,31.27401
04-Feb-2023 00:55:05.991,29.98184,31.27401
04-Feb-2023 00:55:06.991,29.98193,31.27403
04-Feb-2023 00:55:07.991,29.98203,31.27403
04-Feb-2023 00:55:08.991,29.98211,31.27404
04-Feb-2023 00:55:09.991,29.9822,31.27405
04-Feb-2023 00:55:10.991,29.98228,31.27405
04-Feb-2023 00:55:11.991,29.98235,31.27406
04-Feb-2023 00:55:12.991,29.98244,31.27407
04-Feb-2023 00:55:13.991,29.98252,31.27408
04-Feb-2023 00:55:14.991,29.9826,31.27406
04-Feb-2023 00:55:15.991,29.9827,31.27406
04-Feb-2023 00:55:16.991,29.98279,31.27407
04-Feb-2023 00:55:17.991,29.98286,31.27408
04-Feb-2023 00:55:18.991,29.98293,31.27407
04-Feb-2023 00:55:19.991,29.98301,31.27409
04-Feb-2023 00:55:20.991,29.98308,31.2741
04-Feb-2023 00:55:21.991,29.98315,31.27411
04-Feb-2023 00:55:22.991,29.98322,31.2741
04-Feb-2023 00:55:23.991,29.98329,31.2741
04-Feb-2023 00:55:24.991,29.98337,31.27409
04-Feb-2023 00:55:25.991,29.98345,31.2741
04-Feb-2023 00:55:26.991,29.98353,31.27411
04-Feb-2023 00:55:27.991,29.9836,31.27412
04-Feb-2023 00:55:28.991,29.98368,31.27413
04-Feb-2023 00:55:29.991,29.98375,31.27412
04-Feb-2023 00:55:30.991,29.98383,31.27412
04-Feb-2023 00:55:31.991,29.98389,31.27412
04-Feb-2023 00:55:32.991,29.98397,31.27413
04-Feb-2023 00:55:33.991,29.98405,31.27412
04-Feb-2023 00:55:34.991,29.98412,31.27412
04-Feb-2023 00:55:35.991,29.98419,31.2741
04-Feb-2023 00:55:36.991,29.98425,31.2741
04-Feb-2023 00:55:37.991,29.98433,31.27406
04-Feb-2023 00:55:38.991,29.98438,31.27403
04-Feb-2023 00:55:39.991,29.98442,31.274
04-Feb-2023 00:55:40.991,29.98447,31.27398
04-Feb-2023 00:55:41.991,29.98451,31.27398
04-Feb-2023 00:55:42.991,29.98456,31.27394
04-Feb-2023 00:55:43.991,29.98461,31.27393
04-Feb-2023 00:55:44.991,29.98466,31.2739
04-Feb-2023 00:55:45.991,29.98472,31.27388
04-Feb-2023 00:55:46.991,29.98476,31.27387
04-Feb-2023 00:55:47.991,29.98479,31.27385
04-Feb-2023 00:55:48.991,29.98483,31.27383
04-Feb-2023 00:55:49.991,29.98486,31.27382
04-Feb-2023 00:55:50.991,29.98489,31.2738
04-Feb-2023 00:55:51.991,29.98493,31.27379
04-Feb-2023 00:55:52.991,29.98496,31.27379
04-Feb-2023 00:55:53.991,29.98499,31.27378
04-Feb-2023 00:55:54.990,29.98503,31.27377
04-Feb-2023 00:55:55.990,29.98506,31.27377
04-Feb-2023 00:55:56.990,29.98509,31.27378
04-Feb-2023 00:55:57.990,29.98512,31.27379
04-Feb-2023 00:55:58.990,29.98513,31.27376
04-Feb-2023 00:55:59.990,29.98515,31.27376
04-Feb-2023 00:56:00.990,29.98517,31.27375
04-Feb-2023 00:56:01.990,29.98516,31.27387
04-Feb-2023 00:56:02.990,29.98517,31.27391
04-Feb-2023 00:56:03.990,29.98518,31.27395
04-Feb-2023 00:56:04.996,29.98519,31.27402
04-Feb-2023 00:56:05.996,29.98521,31.27408
04-Feb-2023 00:56:06.996,29.98521,31.27414
04-Feb-2023 00:56:07.997,29.98523,31.2742
04-Feb-2023 00:56:08.996,29.98523,31.27425
04-Feb-2023 00:56:09.997,29.98523,31.27427
04-Feb-2023 00:56:10.997,29.98523,31.27431
04-Feb-2023 00:56:11.997,29.98524,31.27433
04-Feb-2023 00:56:12.997,29.98524,31.27436
04-Feb-2023 00:56:13.998,29.98523,31.27438
04-Feb-2023 00:56:14.998,29.98526,31.2744
04-Feb-2023 00:56:15.998,29.98526,31.27443
04-Feb-2023 00:56:16.998,29.98526,31.27445
04-Feb-2023 00:56:17.998,29.98527,31.27448
04-Feb-2023 00:56:18.998,29.98528,31.27452
04-Feb-2023 00:56:19.998,29.98529,31.27456
04-Feb-2023 00:56:20.998,29.9853,31.2746
04-Feb-2023 00:56:21.998,29.98532,31.27465
04-Feb-2023 00:56:22.998,29.98533,31.2747
04-Feb-2023 00:56:23.998,29.98534,31.27474
04-Feb-2023 00:56:24.998,29.98535,31.27482
04-Feb-2023 00:56:25.999,29.98537,31.27488
04-Feb-2023 00:56:26.999,29.98541,31.27494
04-Feb-2023 00:56:27.999,29.98542,31.27501
04-Feb-2023 00:56:28.999,29.98545,31.27508
04-Feb-2023 00:56:29.999,29.98546,31.27516
04-Feb-2023 00:56:30.999,29.98548,31.27524
04-Feb-2023 00:56:31.999,29.9855,31.27531
04-Feb-2023 00:56:32.999,29.98551,31.27538
04-Feb-2023 00:56:33.999,29.98551,31.27546
04-Feb-2023 00:56:34.999,29.98553,31.27553
04-Feb-2023 00:56:35.999,29.98555,31.2756
04-Feb-2023 00:56:36.999,29.98557,31.27567
04-Feb-2023 00:56:37.999,29.98558,31.27574
04-Feb-2023 00:56:38.999,29.9856,31.27581
04-Feb-2023 00:56:39.999,29.98563,31.27589
04-Feb-2023 00:56:40.999,29.98564,31.27598
04-Feb-2023 00:56:41.999,29.98568,31.27606
04-Feb-2023 00:56:42.999,29.98569,31.27613
04-Feb-2023 00:56:43.999,29.9857,31.2762
04-Feb-2023 00:56:44.999,29.98574,31.27626
04-Feb-2023 00:56:45.999,29.98574,31.27634
04-Feb-2023 00:56:46.999,29.98577,31.2764
04-Feb-2023 00:56:47.999,29.9858,31.27648
04-Feb-2023 00:56:48.999,29.98582,31.27656
04-Feb-2023 00:56:49.999,29.98583,31.27664
04-Feb-2023 00:56:50.999,29.98585,31.27672
04-Feb-2023 00:56:51.999,29.98588,31.2768
04-Feb-2023 00:56:52.999,29.98588,31.27686
04-Feb-2023 00:56:53.999,29.9859,31.27694
04-Feb-2023 00:56:54.999,29.98591,31.27701
04-Feb-2023 00:56:55.999,29.98594,31.27709
04-Feb-2023 00:56:56.999,29.98596,31.27717
04-Feb-2023 00:56:57.999,29.98596,31.27724
04-Feb-2023 00:56:58.999,29.98599,31.2773
04-Feb-2023 00:56:59.999,29.986,31.27738
04-Feb-2023 00:57:00.999,29.98602,31.27746
04-Feb-2023 00:57:01.999,29.98606,31.27753
04-Feb-2023 00:57:02.999,29.98607,31.27761
04-Feb-2023 00:57:03.999,29.9861,31.27768
04-Feb-2023 00:57:04.999,29.98613,31.27775
04-Feb-2023 00:57:05.999,29.98615,31.27782
04-Feb-2023 00:57:06.999,29.98617,31.2779
04-Feb-2023 00:57:07.999,29.98619,31.27798
04-Feb-2023 00:57:08.999,29.98622,31.27806
04-Feb-2023 00:57:09.999,29.98624,31.27813
04-Feb-2023 00:57:10.999,29.98626,31.2782
04-Feb-2023 00:57:11.999,29.98628,31.27828
04-Feb-2023 00:57:12.998,29.9863,31.27838
04-Feb-2023 00:57:13.998,29.98632,31.27846
04-Feb-2023 00:57:14.998,29.98634,31.27856
04-Feb-2023 00:57:15.998,29.98635,31.27864
04-Feb-2023 00:57:16.998,29.98636,31.27869
04-Feb-2023 00:57:17.998,29.98636,31.27871
04-Feb-2023 00:57:18.998,29.98637,31.27875
04-Feb-2023 00:57:19.998,29.98638,31.27879
04-Feb-2023 00:57:20.998,29.98638,31.27881
04-Feb-2023 00:57:21.998,29.9864,31.27884
04-Feb-2023 00:57:22.998,29.9864,31.27887
04-Feb-2023 00:57:23.998,29.98639,31.27887
04-Feb-2023 00:57:24.998,29.98639,31.27888
04-Feb-2023 00:57:25.998,29.9864,31.2789
04-Feb-2023 00:57:26.998,29.98641,31.27892
04-Feb-2023 00:57:27.997,29.98642,31.27894
04-Feb-2023 00:57:28.998,29.98643,31.27897
04-Feb-2023 00:57:29.998,29.98644,31.27901
04-Feb-2023 00:57:30.998,29.98644,31.27905
04-Feb-2023 00:57:31.998,29.98645,31.27909
04-Feb-2023 00:57:32.998,29.98646,31.27913
04-Feb-2023 00:57:33.998,29.98647,31.27917
04-Feb-2023 00:57:34.998,29.98648,31.27921
04-Feb-2023 00:57:35.998,29.9865,31.27928
04-Feb-2023 00:57:36.998,29.98652,31.27934
04-Feb-2023 00:57:37.998,29.98654,31.27941
04-Feb-2023 00:57:38.998,29.98657,31.27948
04-Feb-2023 00:57:39.998,29.98659,31.27956
04-Feb-2023 00:57:40.998,29.98658,31.27962
04-Feb-2023 00:57:41.998,29.9866,31.2797
04-Feb-2023 00:57:42.998,29.98662,31.27977
04-Feb-2023 00:57:43.998,29.98664,31.27984
04-Feb-2023 00:57:44.998,29.98665,31.27992
04-Feb-2023 00:57:45.998,29.98668,31.28
04-Feb-2023 00:57:46.998,29.9867,31.28009
04-Feb-2023 00:57:47.998,29.98673,31.28018
04-Feb-2023 00:57:48.998,29.98676,31.28026
04-Feb-2023 00:57:49.998,29.98678,31.28034
04-Feb-2023 00:57:50.998,29.98681,31.28043
04-Feb-2023 00:57:51.998,29.98683,31.28052
04-Feb-2023 00:57:52.998,29.98685,31.2806
04-Feb-2023 00:57:53.998,29.98688,31.28068
04-Feb-2023 00:57:54.998,29.98689,31.28078
04-Feb-2023 00:57:55.998,29.98692,31.28087
04-Feb-2023 00:57:56.998,29.98693,31.28096
04-Feb-2023 00:57:57.998,29.98696,31.28106
04-Feb-2023 00:57:58.998,29.98698,31.28115
04-Feb-2023 00:57:59.998,29.98701,31.28124
04-Feb-2023 00:58:00.998,29.98703,31.28134
04-Feb-2023 00:58:01.998,29.98705,31.28143
04-Feb-2023 00:58:02.998,29.98708,31.28152
04-Feb-2023 00:58:03.996,29.9871,31.28161
04-Feb-2023 00:58:04.997,29.98711,31.28169
04-Feb-2023 00:58:05.997,29.98713,31.28177
04-Feb-2023 00:58:06.997,29.98714,31.28183
04-Feb-2023 00:58:07.997,29.98715,31.28191
04-Feb-2023 00:58:08.997,29.98717,31.28198
04-Feb-2023 00:58:09.997,29.98718,31.28205
04-Feb-2023 00:58:10.997,29.9872,31.28212
04-Feb-2023 00:58:11.997,29.98722,31.28218
04-Feb-2023 00:58:12.997,29.98725,31.28224
04-Feb-2023 00:58:13.997,29.98726,31.28228
04-Feb-2023 00:58:14.997,29.98725,31.28231
04-Feb-2023 00:58:15.997,29.98725,31.28235
04-Feb-2023 00:58:16.997,29.98725,31.28236
04-Feb-2023 00:58:17.997,29.98721,31.28238
04-Feb-2023 00:58:18.997,29.98719,31.28239
04-Feb-2023 00:58:19.997,29.98713,31.28244
04-Feb-2023 00:58:20.997,29.98709,31.28245
04-Feb-2023 00:58:21.997,29.98706,31.28249
04-Feb-2023 00:58:22.997,29.98701,31.28254
04-Feb-2023 00:58:23.997,29.98696,31.28255
04-Feb-2023 00:58:24.997,29.9869,31.28256
04-Feb-2023 00:58:25.997,29.98684,31.2826
04-Feb-2023 00:58:26.997,29.98678,31.2826
04-Feb-2023 00:58:27.997,29.98672,31.28263
04-Feb-2023 00:58:28.997,29.98665,31.28264
04-Feb-2023 00:58:29.997,29.98658,31.28267
04-Feb-2023 00:58:30.997,29.98651,31.28271
04-Feb-2023 00:58:31.997,29.98643,31.28273
04-Feb-2023 00:58:32.997,29.98635,31.28276
04-Feb-2023 00:58:33.997,29.98627,31.2828
04-Feb-2023 00:58:34.997,29.98619,31.28284
04-Feb-2023 00:58:35.997,29.9861,31.28288
04-Feb-2023 00:58:36.997,29.98602,31.28291
04-Feb-2023 00:58:37.997,29.98593,31.28294
04-Feb-2023 00:58:38.997,29.98585,31.28298
04-Feb-2023 00:58:39.997,29.98577,31.28302
04-Feb-2023 00:58:40.997,29.98568,31.28305
04-Feb-2023 00:58:41.997,29.9856,31.2831
04-Feb-2023 00:58:42.997,29.98551,31.28313
04-Feb-2023 00:58:43.997,29.98544,31.28317
04-Feb-2023 00:58:44.997,29.98538,31.28318
04-Feb-2023 00:58:45.997,29.98532,31.28321
04-Feb-2023 00:58:46.997,29.98527,31.28323
04-Feb-2023 00:58:47.997,29.98523,31.28325
04-Feb-2023 00:58:48.997,29.9852,31.28326
04-Feb-2023 00:58:49.997,29.98517,31.28327
04-Feb-2023 00:58:50.997,29.98514,31.28328
04-Feb-2023 00:58:51.997,29.98512,31.28329
04-Feb-2023 00:58:52.996,29.98509,31.2833
04-Feb-2023 00:58:53.996,29.98506,31.28331
04-Feb-2023 00:58:54.996,29.98503,31.28332
04-Feb-2023 00:58:55.996,29.98499,31.28334
04-Feb-2023 00:58:56.996,29.98494,31.28335
04-Feb-2023 00:58:57.996,29.9849,31.28337
04-Feb-2023 00:58:58.996,29.98485,31.2834
04-Feb-2023 00:58:59.996,29.98479,31.28341
04-Feb-2023 00:59:00.996,29.98474,31.28344
04-Feb-2023 00:59:01.996,29.98467,31.28345
04-Feb-2023 00:59:02.996,29.98459,31.28347
04-Feb-2023 00:59:03.996,29.98453,31.2835
04-Feb-2023 00:59:04.996,29.98446,31.28353
04-Feb-2023 00:59:05.996,29.98439,31.28355
04-Feb-2023 00:59:06.996,29.98432,31.28358
04-Feb-2023 00:59:07.996,29.98426,31.28361
04-Feb-2023 00:59:08.996,29.98419,31.28364
04-Feb-2023 00:59:09.996,29.98414,31.28366
04-Feb-2023 00:59:10.996,29.98408,31.28368
04-Feb-2023 00:59:11.996,29.98402,31.28371
04-Feb-2023 00:59:12.996,29.98397,31.28373
04-Feb-2023 00:59:13.996,29.98391,31.28376
04-Feb-2023 00:59:14.996,29.98385,31.28378
04-Feb-2023 00:59:15.996,29.98379,31.2838
04-Feb-2023 00:59:16.996,29.98373,31.28382
04-Feb-2023 00:59:17.996,29.98366,31.28384
04-Feb-2023 00:59:18.996,29.9836,31.28386
04-Feb-2023 00:59:19.996,29.98354,31.28388
04-Feb-2023 00:59:20.996,29.98347,31.28392
04-Feb-2023 00:59:21.996,29.98339,31.28394
04-Feb-2023 00:59:22.996,29.98332,31.28397
04-Feb-2023 00:59:23.996,29.98325,31.284
04-Feb-2023 00:59:24.996,29.98318,31.28403
04-Feb-2023 00:59:25.996,29.9831,31.28406
04-Feb-2023 00:59:26.996,29.98303,31.28409
04-Feb-2023 00:59:27.996,29.98296,31.28413
04-Feb-2023 00:59:28.996,29.98289,31.28416
04-Feb-2023 00:59:29.996,29.98283,31.28418
04-Feb-2023 00:59:30.996,29.98277,31.28421
04-Feb-2023 00:59:31.996,29.9827,31.28423
04-Feb-2023 00:59:32.996,29.98263,31.28426
04-Feb-2023 00:59:33.996,29.98256,31.28429
04-Feb-2023 00:59:34.996,29.9825,31.28432
04-Feb-2023 00:59:35.996,29.98244,31.28434
04-Feb-2023 00:59:36.996,29.98238,31.28436
04-Feb-2023 00:59:37.996,29.98235,31.28437
04-Feb-2023 00:59:38.996,29.9823,31.2844
04-Feb-2023 00:59:39.996,29.98226,31.28441
04-Feb-2023 00:59:40.996,29.9822,31.28444
04-Feb-2023 00:59:41.994,29.98215,31.28445
04-Feb-2023 00:59:42.995,29.98208,31.28448
04-Feb-2023 00:59:43.995,29.98203,31.2845
04-Feb-2023 00:59:44.995,29.98197,31.28452
04-Feb-2023 00:59:45.995,29.98191,31.28453
04-Feb-2023 00:59:46.995,29.98186,31.28456
04-Feb-2023 00:59:47.995,29.9818,31.28458
04-Feb-2023 00:59:48.995,29.98174,31.28461
04-Feb-2023 00:59:49.995,29.98169,31.28463
04-Feb-2023 00:59:50.995,29.98165,31.28464
04-Feb-2023 00:59:51.995,29.98162,31.28465
04-Feb-2023 00:59:52.995,29.98159,31.28469
04-Feb-2023 00:59:53.995,29.98157,31.28471
04-Feb-2023 00:59:54.995,29.98157,31.2847
04-Feb-2023 00:59:55.995,29.98158,31.28475
04-Feb-2023 00:59:56.995,29.98159,31.28475
04-Feb-2023 00:59:57.995,29.98162,31.2848
04-Feb-2023 00:59:58.995,29.98162,31.28482
04-Feb-2023 00:59:59.995,29.98162,31.28484
04-Feb-2023 01:00:00.995,29.98163,31.28486
04-Feb-2023 01:00:01.995,29.9817,31.28486
04-Feb-2023 01:00:02.995,29.98173,31.28486
04-Feb-2023 01:00:03.995,29.98177,31.28486
04-Feb-2023 01:00:04.995,29.9818,31.28486
04-Feb-2023 01:00:05.995,29.98184,31.28484
04-Feb-2023 01:00:06.995,29.98188,31.28483
04-Feb-2023 01:00:07.995,29.98193,31.28478
04-Feb-2023 01:00:08.995,29.98198,31.28476
04-Feb-2023 01:00:09.995,29.98204,31.28475
04-Feb-2023 01:00:10.995,29.9821,31.28474
04-Feb-2023 01:00:11.995,29.98217,31.28471
04-Feb-2023 01:00:12.995,29.98222,31.28467
04-Feb-2023 01:00:13.995,29.98229,31.28464
04-Feb-2023 01:00:14.995,29.98235,31.28462
04-Feb-2023 01:00:15.995,29.98241,31.28459
04-Feb-2023 01:00:16.995,29.98247,31.28457
04-Feb-2023 01:00:17.995,29.98253,31.28454
04-Feb-2023 01:00:18.995,29.98259,31.28451
04-Feb-2023 01:00:19.995,29.98264,31.28449
04-Feb-2023 01:00:20.995,29.98272,31.28446
04-Feb-2023 01:00:21.995,29.98279,31.28443
04-Feb-2023 01:00:22.995,29.98287,31.2844
04-Feb-2023 01:00:23.995,29.98294,31.28436
04-Feb-2023 01:00:24.995,29.98301,31.28434
04-Feb-2023 01:00:25.995,29.98308,31.28431
04-Feb-2023 01:00:26.995,29.98315,31.28428
04-Feb-2023 01:00:27.995,29.98321,31.28426
04-Feb-2023 01:00:28.995,29.98328,31.28423
04-Feb-2023 01:00:29.995,29.98335,31.2842
04-Feb-2023 01:00:30.994,29.98341,31.28418
04-Feb-2023 01:00:31.994,29.98348,31.28415
04-Feb-2023 01:00:32.994,29.98355,31.28412
04-Feb-2023 01:00:33.994,29.98362,31.28409
04-Feb-2023 01:00:34.994,29.9837,31.28406
04-Feb-2023 01:00:35.994,29.98378,31.28408
04-Feb-2023 01:00:36.994,29.98384,31.28404
04-Feb-2023 01:00:37.994,29.98389,31.28401
04-Feb-2023 01:00:38.994,29.98393,31.28398
04-Feb-2023 01:00:39.994,29.98396,31.28398
04-Feb-2023 01:00:40.994,29.98398,31.28396
04-Feb-2023 01:00:41.994,29.984,31.28395
04-Feb-2023 01:00:42.994,29.98402,31.28392
04-Feb-2023 01:00:43.994,29.98404,31.28389
04-Feb-2023 01:00:44.994,29.98407,31.28388
04-Feb-2023 01:00:45.994,29.9841,31.28387
04-Feb-2023 01:00:46.994,29.98414,31.28384
04-Feb-2023 01:00:47.994,29.98417,31.28382
04-Feb-2023 01:00:48.994,29.9842,31.28382
04-Feb-2023 01:00:49.994,29.98426,31.2838
04-Feb-2023 01:00:50.994,29.98431,31.28378
04-Feb-2023 01:00:51.994,29.98436,31.28376
04-Feb-2023 01:00:52.994,29.98442,31.28373
04-Feb-2023 01:00:53.994,29.98447,31.28371
04-Feb-2023 01:00:54.994,29.98452,31.28369
04-Feb-2023 01:00:55.994,29.98459,31.28367
04-Feb-2023 01:00:56.994,29.98463,31.28365
04-Feb-2023 01:00:57.994,29.98467,31.28363
04-Feb-2023 01:00:58.994,29.98472,31.28361
04-Feb-2023 01:00:59.994,29.98477,31.28359
04-Feb-2023 01:01:00.994,29.98483,31.28357
04-Feb-2023 01:01:01.994,29.98488,31.28355
04-Feb-2023 01:01:02.994,29.98494,31.28352
04-Feb-2023 01:01:03.994,29.98499,31.28351
04-Feb-2023 01:01:04.994,29.98504,31.28348
04-Feb-2023 01:01:05.994,29.98509,31.28346
04-Feb-2023 01:01:06.994,29.98516,31.28343
04-Feb-2023 01:01:07.994,29.98522,31.28342
04-Feb-2023 01:01:08.994,29.98528,31.2834
04-Feb-2023 01:01:09.994,29.98535,31.28337
04-Feb-2023 01:01:10.994,29.98543,31.28335
04-Feb-2023 01:01:11.994,29.9855,31.28331
04-Feb-2023 01:01:12.994,29.98557,31.28329
04-Feb-2023 01:01:13.994,29.98565,31.28327
04-Feb-2023 01:01:14.994,29.98572,31.28324
04-Feb-2023 01:01:15.994,29.98579,31.28321
04-Feb-2023 01:01:16.994,29.98587,31.28319
04-Feb-2023 01:01:17.994,29.98595,31.28315
04-Feb-2023 01:01:18.994,29.98602,31.28312
04-Feb-2023 01:01:19.993,29.9861,31.28308
04-Feb-2023 01:01:20.993,29.98618,31.28306
04-Feb-2023 01:01:21.993,29.98627,31.28302
04-Feb-2023 01:01:22.993,29.98634,31.283
04-Feb-2023 01:01:23.993,29.98642,31.28298
04-Feb-2023 01:01:24.993,29.98649,31.28294
04-Feb-2023 01:01:25.993,29.98657,31.28291
04-Feb-2023 01:01:26.993,29.98664,31.28288
04-Feb-2023 01:01:27.993,29.98671,31.28286
04-Feb-2023 01:01:28.993,29.98678,31.28283
04-Feb-2023 01:01:29.993,29.98685,31.28281
04-Feb-2023 01:01:30.993,29.98692,31.28278
04-Feb-2023 01:01:31.993,29.98697,31.28276
04-Feb-2023 01:01:32.993,29.98701,31.28275
04-Feb-2023 01:01:33.993,29.98704,31.28273
04-Feb-2023 01:01:34.993,29.98707,31.28272
04-Feb-2023 01:01:35.993,29.98709,31.28269
04-Feb-2023 01:01:36.993,29.98711,31.28267
04-Feb-2023 01:01:37.993,29.98713,31.28265
04-Feb-2023 01:01:38.993,29.98714,31.28264
04-Feb-2023 01:01:39.993,29.98716,31.28264
04-Feb-2023 01:01:40.993,29.98719,31.28262
04-Feb-2023 01:01:41.993,29.9872,31.28262
04-Feb-2023 01:01:42.993,29.98723,31.28261
04-Feb-2023 01:01:43.993,29.98726,31.2826
04-Feb-2023 01:01:44.993,29.98729,31.28258
04-Feb-2023 01:01:45.993,29.98733,31.28256
04-Feb-2023 01:01:46.993,29.98739,31.28253
04-Feb-2023 01:01:47.993,29.98743,31.28253
04-Feb-2023 01:01:48.993,29.98749,31.28254
04-Feb-2023 01:01:49.993,29.98756,31.28249
04-Feb-2023 01:01:50.993,29.98763,31.28246
04-Feb-2023 01:01:51.993,29.9877,31.28244
04-Feb-2023 01:01:52.993,29.98777,31.28241
04-Feb-2023 01:01:53.993,29.98784,31.28238
04-Feb-2023 01:01:54.993,29.98792,31.28236
04-Feb-2023 01:01:55.993,29.98797,31.28232
04-Feb-2023 01:01:56.993,29.988,31.28231
04-Feb-2023 01:01:57.993,29.98804,31.2823
04-Feb-2023 01:01:58.993,29.9881,31.28229
04-Feb-2023 01:01:59.993,29.98814,31.28227
04-Feb-2023 01:02:00.993,29.9882,31.28225
04-Feb-2023 01:02:01.993,29.98825,31.28223
04-Feb-2023 01:02:02.993,29.9883,31.2822
04-Feb-2023 01:02:03.993,29.98837,31.28218
04-Feb-2023 01:02:04.993,29.98844,31.28215
04-Feb-2023 01:02:05.993,29.9885,31.28214
04-Feb-2023 01:02:06.993,29.98857,31.28211
04-Feb-2023 01:02:07.993,29.98864,31.28209
04-Feb-2023 01:02:08.992,29.98871,31.28206
04-Feb-2023 01:02:09.992,29.98878,31.28204
04-Feb-2023 01:02:10.992,29.98885,31.28202
04-Feb-2023 01:02:11.992,29.98892,31.282
04-Feb-2023 01:02:12.992,29.989,31.28196
04-Feb-2023 01:02:13.992,29.98908,31.28193
04-Feb-2023 01:02:14.992,29.98916,31.28191
04-Feb-2023 01:02:15.992,29.98924,31.28189
04-Feb-2023 01:02:16.992,29.98932,31.28187
04-Feb-2023 01:02:17.992,29.98941,31.28184
04-Feb-2023 01:02:18.992,29.98948,31.2818
04-Feb-2023 01:02:19.992,29.98955,31.28179
04-Feb-2023 01:02:20.992,29.98961,31.28175
04-Feb-2023 01:02:21.992,29.98968,31.28175
04-Feb-2023 01:02:22.992,29.98975,31.28171
04-Feb-2023 01:02:23.992,29.98982,31.28169
04-Feb-2023 01:02:24.992,29.98988,31.28167
04-Feb-2023 01:02:25.992,29.98994,31.28165
04-Feb-2023 01:02:26.992,29.98996,31.28164
04-Feb-2023 01:02:27.992,29.98999,31.28163
04-Feb-2023 01:02:28.992,29.99004,31.28163
04-Feb-2023 01:02:29.992,29.99007,31.28162
04-Feb-2023 01:02:30.992,29.99005,31.28161
04-Feb-2023 01:02:31.992,29.99004,31.28161
04-Feb-2023 01:02:32.992,29.99005,31.28159
04-Feb-2023 01:02:33.992,29.99007,31.28158
04-Feb-2023 01:02:34.992,29.99009,31.28157
04-Feb-2023 01:02:35.992,29.9901,31.28157
04-Feb-2023 01:02:36.992,29.99012,31.28156
04-Feb-2023 01:02:37.992,29.99016,31.28155
04-Feb-2023 01:02:38.992,29.99019,31.28153
04-Feb-2023 01:02:39.992,29.99022,31.28152
04-Feb-2023 01:02:40.992,29.99026,31.2815
04-Feb-2023 01:02:41.992,29.99029,31.28149
04-Feb-2023 01:02:42.992,29.99032,31.28147
04-Feb-2023 01:02:43.992,29.99034,31.28146
04-Feb-2023 01:02:44.992,29.99036,31.28143
04-Feb-2023 01:02:45.992,29.99039,31.28144
04-Feb-2023 01:02:46.992,29.9904,31.28143
04-Feb-2023 01:02:47.992,29.99038,31.28134
04-Feb-2023 01:02:48.992,29.99036,31.2813
04-Feb-2023 01:02:49.992,29.99033,31.28128
04-Feb-2023 01:02:50.992,29.99028,31.28127
04-Feb-2023 01:02:51.992,29.99023,31.28128
04-Feb-2023 01:02:52.992,29.99018,31.2813
04-Feb-2023 01:02:53.992,29.99009,31.28137
04-Feb-2023 01:02:54.992,29.99004,31.28138
04-Feb-2023 01:02:55.992,29.98999,31.28139
04-Feb-2023 01:02:56.992,29.98992,31.28141
04-Feb-2023 01:02:57.991,29.98987,31.28143
04-Feb-2023 01:02:58.991,29.98981,31.28146
04-Feb-2023 01:02:59.991,29.98976,31.28148
04-Feb-2023 01:03:00.991,29.98971,31.2815
04-Feb-2023 01:03:01.991,29.98964,31.28152
04-Feb-2023 01:03:02.991,29.98958,31.28155
04-Feb-2023 01:03:03.991,29.98953,31.28158
04-Feb-2023 01:03:04.991,29.98947,31.2816
04-Feb-2023 01:03:05.991,29.9894,31.28159
04-Feb-2023 01:03:06.991,29.98934,31.2816
04-Feb-2023 01:03:07.991,29.98929,31.28161
04-Feb-2023 01:03:08.991,29.98923,31.28163
04-Feb-2023 01:03:09.991,29.98918,31.28166
04-Feb-2023 01:03:10.991,29.98914,31.2817
04-Feb-2023 01:03:11.991,29.98909,31.28174
04-Feb-2023 01:03:12.991,29.98903,31.28176
04-Feb-2023 01:03:13.991,29.98899,31.28177
04-Feb-2023 01:03:14.991,29.98894,31.28179
04-Feb-2023 01:03:15.997,29.98889,31.2818
04-Feb-2023 01:03:16.997,29.98885,31.28183
04-Feb-2023 01:03:17.997,29.9888,31.28187
04-Feb-2023 01:03:18.997,29.98875,31.28189
04-Feb-2023 01:03:19.997,29.98869,31.2819
04-Feb-2023 01:03:20.997,29.98864,31.28192
04-Feb-2023 01:03:21.998,29.98861,31.28194
04-Feb-2023 01:03:22.998,29.98857,31.28194
04-Feb-2023 01:03:23.997,29.98853,31.28194
04-Feb-2023 01:03:24.998,29.98851,31.28194
04-Feb-2023 01:03:25.998,29.98847,31.28195
04-Feb-2023 01:03:26.998,29.98845,31.28196
04-Feb-2023 01:03:27.998,29.98844,31.28195
04-Feb-2023 01:03:28.998,29.98844,31.28185
04-Feb-2023 01:03:29.998,29.98843,31.28181
04-Feb-2023 01:03:30.998,29.98843,31.28178
04-Feb-2023 01:03:31.998,29.98842,31.28173
04-Feb-2023 01:03:32.998,29.98841,31.28169
04-Feb-2023 01:03:33.999,29.9884,31.28165
04-Feb-2023 01:03:34.999,29.98839,31.2816
04-Feb-2023 01:03:35.999,29.98838,31.28155
04-Feb-2023 01:03:36.999,29.98836,31.2815
04-Feb-2023 01:03:37.999,29.98835,31.28145
04-Feb-2023 01:03:38.999,29.98834,31.28141
04-Feb-2023 01:03:39.999,29.98833,31.28137
04-Feb-2023 01:03:40.999,29.98832,31.28134
04-Feb-2023 01:03:41.999,29.98831,31.28131
04-Feb-2023 01:03:42.999,29.9883,31.28127
04-Feb-2023 01:03:43.999,29.98829,31.28124
04-Feb-2023 01:03:44.999,29.98829,31.2812
04-Feb-2023 01:03:45.999,29.98828,31.28117
04-Feb-2023 01:03:46.999,29.98827,31.28113
04-Feb-2023 01:03:47.999,29.98825,31.28108
04-Feb-2023 01:03:48.999,29.98824,31.28102
04-Feb-2023 01:03:49.999,29.98823,31.28098
04-Feb-2023 01:03:50.999,29.98821,31.28095
04-Feb-2023 01:03:51.999,29.9882,31.28091
04-Feb-2023 01:03:52.999,29.98819,31.28086
04-Feb-2023 01:03:53.999,29.98818,31.28082
04-Feb-2023 01:03:54.999,29.98818,31.28079
04-Feb-2023 01:03:55.999,29.98817,31.28077
04-Feb-2023 01:03:56.999,29.98817,31.28076
04-Feb-2023 01:03:57.999,29.98816,31.28074
04-Feb-2023 01:03:58.999,29.98815,31.28071
04-Feb-2023 01:03:59.999,29.98814,31.28068
04-Feb-2023 01:04:00.999,29.98814,31.28064
04-Feb-2023 01:04:01.999,29.98813,31.28059
04-Feb-2023 01:04:02.999,29.98812,31.28054
04-Feb-2023 01:04:03.999,29.98808,31.28047
04-Feb-2023 01:04:04.999,29.98807,31.28041
04-Feb-2023 01:04:05.999,29.98806,31.28035
04-Feb-2023 01:04:06.999,29.98805,31.28029
04-Feb-2023 01:04:07.999,29.98803,31.28022
04-Feb-2023 01:04:08.999,29.98802,31.28018
04-Feb-2023 01:04:09.999,29.98802,31.28014
04-Feb-2023 01:04:10.999,29.98801,31.28009
04-Feb-2023 01:04:11.999,29.98799,31.28006
04-Feb-2023 01:04:12.999,29.98798,31.28003
04-Feb-2023 01:04:13.999,29.98798,31.28001
04-Feb-2023 01:04:14.999,29.98797,31.27997
04-Feb-2023 01:04:15.999,29.98796,31.27994
04-Feb-2023 01:04:16.998,29.98796,31.27994
04-Feb-2023 01:04:17.999,29.98796,31.27994
04-Feb-2023 01:04:18.999,29.98796,31.27992
04-Feb-2023 01:04:19.999,29.98795,31.27991
04-Feb-2023 01:04:20.999,29.98795,31.27991
04-Feb-2023 01:04:21.999,29.98794,31.27991
04-Feb-2023 01:04:22.999,29.98794,31.2799
04-Feb-2023 01:04:23.999,29.98794,31.27989
04-Feb-2023 01:04:24.999,29.98795,31.27988
04-Feb-2023 01:04:25.999,29.98794,31.27986
04-Feb-2023 01:04:26.999,29.98794,31.27985
04-Feb-2023 01:04:27.998,29.98792,31.2798
04-Feb-2023 01:04:28.998,29.98791,31.27978
04-Feb-2023 01:04:29.998,29.9879,31.27976
04-Feb-2023 01:04:30.998,29.98789,31.27974
04-Feb-2023 01:04:31.998,29.98787,31.27968
04-Feb-2023 01:04:32.998,29.98787,31.27968
04-Feb-2023 01:04:33.998,29.98788,31.27974
04-Feb-2023 01:04:34.998,29.98788,31.27975
04-Feb-2023 01:04:35.998,29.98789,31.27974
04-Feb-2023 01:04:36.998,29.98789,31.27974
04-Feb-2023 01:04:37.998,29.98789,31.27974
04-Feb-2023 01:04:38.998,29.9879,31.27975
04-Feb-2023 01:04:39.998,29.9879,31.27975
04-Feb-2023 01:04:40.998,29.9879,31.27975
04-Feb-2023 01:04:41.998,29.9879,31.27975
04-Feb-2023 01:04:42.998,29.9879,31.27975
04-Feb-2023 01:04:43.998,29.9879,31.27975
04-Feb-2023 01:04:44.998,29.9879,31.27975
04-Feb-2023 01:04:45.998,29.9879,31.27975
04-Feb-2023 01:04:46.998,29.9879,31.27975
04-Feb-2023 01:04:47.998,29.9879,31.27975
04-Feb-2023 01:04:48.998,29.9879,31.27975
04-Feb-2023 01:04:49.998,29.9879,31.27975
04-Feb-2023 01:04:50.998,29.9879,31.27975
04-Feb-2023 01:04:51.998,29.9879,31.27975
04-Feb-2023 01:04:52.998,29.9879,31.27975
04-Feb-2023 01:04:53.998,29.9879,31.27975
04-Feb-2023 01:04:54.998,29.9879,31.27975
04-Feb-2023 01:04:55.998,29.98791,31.27975
04-Feb-2023 01:04:56.998,29.98791,31.27975
04-Feb-2023 01:04:57.998,29.98791,31.27975
04-Feb-2023 01:04:58.998,29.98791,31.27975
04-Feb-2023 01:04:59.998,29.98791,31.27975
04-Feb-2023 01:05:00.998,29.98791,31.27975
04-Feb-2023 01:05:01.998,29.98791,31.27975
04-Feb-2023 01:05:02.998,29.98791,31.27975
04-Feb-2023 01:05:03.998,29.98791,31.27975
04-Feb-2023 01:05:04.998,29.98791,31.27975
04-Feb-2023 01:05:05.998,29.98791,31.27975
04-Feb-2023 01:05:06.998,29.98791,31.27975
04-Feb-2023 01:05:07.998,29.98791,31.27975
04-Feb-2023 01:05:08.998,29.98791,31.27975
04-Feb-2023 01:05:09.998,29.98791,31.27975
04-Feb-2023 01:05:10.998,29.98791,31.27975
04-Feb-2023 01:05:11.998,29.98791,31.27975
04-Feb-2023 01:05:12.998,29.98791,31.27975
04-Feb-2023 01:05:13.998,29.98791,31.27975
04-Feb-2023 01:05:14.998,29.98791,31.27975
04-Feb-2023 01:05:15.998,29.98791,31.27975
04-Feb-2023 01:05:16.998,29.98791,31.27975
04-Feb-2023 01:05:17.997,29.98791,31.27975
04-Feb-2023 01:05:18.997,29.98791,31.27975
04-Feb-2023 01:05:19.997,29.98791,31.27975
04-Feb-2023 01:05:20.997,29.98791,31.27975
04-Feb-2023 01:05:21.997,29.98791,31.27975
04-Feb-2023 01:05:22.997,29.98791,31.27975
04-Feb-2023 01:05:23.997,29.98791,31.27975
04-Feb-2023 01:05:24.997,29.98791,31.27975
04-Feb-2023 01:05:25.997,29.98791,31.27975
04-Feb-2023 01:05:26.997,29.98791,31.27975
04-Feb-2023 01:05:27.997,29.98791,31.27975
04-Feb-2023 01:05:28.997,29.98791,31.27975
04-Feb-2023 01:05:29.997,29.98791,31.27975
04-Feb-2023 01:05:30.997,29.98791,31.27975
04-Feb-2023 01:05:31.997,29.98791,31.27975
04-Feb-2023 01:05:32.997,29.98791,31.27975
04-Feb-2023 01:05:33.997,29.98791,31.27975
04-Feb-2023 01:05:34.997,29.98791,31.27975
04-Feb-2023 01:05:35.997,29.98791,31.27975
04-Feb-2023 01:05:36.997,29.98791,31.27975
04-Feb-2023 01:05:37.997,29.98791,31.27975
